scenario,seed,design,horizon_s,requests,verification_requests,catalog_or_periodic_requests,pushes,stale_or_obsolete_rejections,max_verification_loops,incorrectly_enabled_s,incorrectly_disabled_s,status_mismatch_s,observed_transitions,total_transitions,max_observed_convergence_s,unobserved_transitions,final_correct
missed_outage,0,push_only,1800,0,0,0,1,0,0,600,0,600,1,2,1,1,true
missed_outage,0,polling_60,1800,30,0,30,0,0,0,22,22,44,2,2,22,0,true
missed_outage,0,polling_300,1800,6,0,6,0,0,0,202,202,404,2,2,202,0,true
missed_outage,0,proposed,1800,12,6,6,1,0,1,202,1,203,2,2,202,0,true
duplicate_outage,0,push_only,1800,0,0,0,4,0,0,1,1,2,2,2,1,0,true
duplicate_outage,0,polling_60,1800,30,0,30,0,0,0,22,22,44,2,2,22,0,true
duplicate_outage,0,polling_300,1800,6,0,6,0,0,0,202,202,404,2,2,202,0,true
duplicate_outage,0,proposed,1800,15,9,6,4,0,1,1,1,2,2,2,1,0,true
stale_observations,0,push_only,1800,0,0,0,2,1,0,100,0,100,1,2,1,1,true
stale_observations,0,polling_60,1800,30,0,30,0,0,0,100,2,102,2,2,320,0,true
stale_observations,0,polling_300,1800,6,0,6,0,0,0,100,0,100,1,2,102,1,true
stale_observations,0,proposed,1800,6,0,6,2,1,0,100,0,100,1,2,1,1,true
missed_recovery,0,push_only,1800,0,0,0,1,0,0,1,1400,1401,1,2,1,1,false
missed_recovery,0,polling_60,1800,30,0,30,0,0,0,22,22,44,2,2,22,0,true
missed_recovery,0,polling_300,1800,6,0,6,0,0,0,202,202,404,2,2,202,0,true
missed_recovery,0,proposed,1800,11,5,6,1,0,1,1,11,12,2,2,11,0,true
planned_maintenance,0,push_only,1800,0,0,0,2,0,0,1,1,2,2,2,1,0,true
planned_maintenance,0,polling_60,1800,30,0,30,0,0,0,22,22,44,2,2,22,0,true
planned_maintenance,0,polling_300,1800,6,0,6,0,0,0,202,202,404,2,2,202,0,true
planned_maintenance,0,proposed,1800,6,0,6,2,0,0,1,1,2,2,2,1,0,true
seeded_loss_delay,1,push_only,1800,0,0,0,9,0,0,389,373,762,8,10,155,2,true
seeded_loss_delay,1,polling_60,1800,30,0,30,0,0,0,130,90,220,10,10,42,0,true
seeded_loss_delay,1,polling_300,1800,6,0,6,0,0,0,700,0,700,5,10,142,5,true
seeded_loss_delay,1,proposed,1800,10,4,6,9,0,1,544,113,657,9,10,151,1,true
seeded_loss_delay,2,push_only,1800,0,0,0,13,0,0,412,832,1244,9,10,142,1,false
seeded_loss_delay,2,polling_60,1800,30,0,30,0,0,0,130,90,220,10,10,42,0,true
seeded_loss_delay,2,polling_300,1800,6,0,6,0,0,0,700,0,700,5,10,142,5,true
seeded_loss_delay,2,proposed,1800,12,6,6,13,0,1,412,85,497,10,10,142,0,true
seeded_loss_delay,3,push_only,1800,0,0,0,11,0,0,466,363,829,10,10,159,0,true
seeded_loss_delay,3,polling_60,1800,30,0,30,0,0,0,130,90,220,10,10,42,0,true
seeded_loss_delay,3,polling_300,1800,6,0,6,0,0,0,700,0,700,5,10,142,5,true
seeded_loss_delay,3,proposed,1800,11,5,6,11,0,1,466,150,616,10,10,134,0,true
seeded_loss_delay,4,push_only,1800,0,0,0,9,0,0,422,207,629,9,10,125,1,true
seeded_loss_delay,4,polling_60,1800,30,0,30,0,0,0,130,90,220,10,10,42,0,true
seeded_loss_delay,4,polling_300,1800,6,0,6,0,0,0,700,0,700,5,10,142,5,true
seeded_loss_delay,4,proposed,1800,11,5,6,9,0,1,422,123,545,9,10,125,1,true
seeded_loss_delay,5,push_only,1800,0,0,0,13,0,0,389,454,843,10,10,136,0,true
seeded_loss_delay,5,polling_60,1800,30,0,30,0,0,0,130,90,220,10,10,42,0,true
seeded_loss_delay,5,polling_300,1800,6,0,6,0,0,0,700,0,700,5,10,142,5,true
seeded_loss_delay,5,proposed,1800,13,7,6,13,0,1,389,173,562,10,10,132,0,true
seeded_loss_delay,6,push_only,1800,0,0,0,10,0,0,553,299,852,9,10,165,1,true
seeded_loss_delay,6,polling_60,1800,30,0,30,0,0,0,130,90,220,10,10,42,0,true
seeded_loss_delay,6,polling_300,1800,6,0,6,0,0,0,700,0,700,5,10,142,5,true
seeded_loss_delay,6,proposed,1800,9,3,6,10,0,1,553,124,677,9,10,165,1,true
seeded_loss_delay,7,push_only,1800,0,0,0,12,1,0,417,305,722,9,10,176,1,true
seeded_loss_delay,7,polling_60,1800,30,0,30,0,0,0,130,90,220,10,10,42,0,true
seeded_loss_delay,7,polling_300,1800,6,0,6,0,0,0,700,0,700,5,10,142,5,true
seeded_loss_delay,7,proposed,1800,11,5,6,12,1,1,454,102,556,9,10,154,1,true
seeded_loss_delay,8,push_only,1800,0,0,0,10,0,0,247,682,929,8,10,175,2,true
seeded_loss_delay,8,polling_60,1800,30,0,30,0,0,0,130,90,220,10,10,42,0,true
seeded_loss_delay,8,polling_300,1800,6,0,6,0,0,0,700,0,700,5,10,142,5,true
seeded_loss_delay,8,proposed,1800,12,6,6,10,0,1,505,224,729,10,10,175,0,true
seeded_loss_delay,9,push_only,1800,0,0,0,8,0,0,298,296,594,6,10,160,4,true
seeded_loss_delay,9,polling_60,1800,30,0,30,0,0,0,130,90,220,10,10,42,0,true
seeded_loss_delay,9,polling_300,1800,6,0,6,0,0,0,700,0,700,5,10,142,5,true
seeded_loss_delay,9,proposed,1800,9,3,6,8,0,1,520,68,588,8,10,160,2,true
seeded_loss_delay,10,push_only,1800,0,0,0,5,0,0,34,660,694,5,10,145,5,true
seeded_loss_delay,10,polling_60,1800,30,0,30,0,0,0,130,90,220,10,10,42,0,true
seeded_loss_delay,10,polling_300,1800,6,0,6,0,0,0,700,0,700,5,10,142,5,true
seeded_loss_delay,10,proposed,1800,12,6,6,5,0,1,480,152,632,9,10,145,1,true
seeded_loss_delay,11,push_only,1800,0,0,0,9,0,0,207,931,1138,7,10,142,3,false
seeded_loss_delay,11,polling_60,1800,30,0,30,0,0,0,130,90,220,10,10,42,0,true
seeded_loss_delay,11,polling_300,1800,6,0,6,0,0,0,700,0,700,5,10,142,5,true
seeded_loss_delay,11,proposed,1800,14,8,6,9,0,1,349,145,494,9,10,82,1,true
seeded_loss_delay,12,push_only,1800,0,0,0,11,0,0,226,435,661,8,10,115,2,true
seeded_loss_delay,12,polling_60,1800,30,0,30,0,0,0,130,90,220,10,10,42,0,true
seeded_loss_delay,12,polling_300,1800,6,0,6,0,0,0,700,0,700,5,10,142,5,true
seeded_loss_delay,12,proposed,1800,14,8,6,11,0,1,393,189,582,10,10,115,0,true
seeded_loss_delay,13,push_only,1800,0,0,0,12,0,0,164,590,754,9,10,177,1,true
seeded_loss_delay,13,polling_60,1800,30,0,30,0,0,0,130,90,220,10,10,42,0,true
seeded_loss_delay,13,polling_300,1800,6,0,6,0,0,0,700,0,700,5,10,142,5,true
seeded_loss_delay,13,proposed,1800,15,9,6,12,0,1,264,122,386,10,10,100,0,true
seeded_loss_delay,14,push_only,1800,0,0,0,8,0,0,217,590,807,8,10,143,2,true
seeded_loss_delay,14,polling_60,1800,30,0,30,0,0,0,130,90,220,10,10,42,0,true
seeded_loss_delay,14,polling_300,1800,6,0,6,0,0,0,700,0,700,5,10,142,5,true
seeded_loss_delay,14,proposed,1800,14,8,6,8,0,1,314,110,424,10,10,99,0,true
seeded_loss_delay,15,push_only,1800,0,0,0,12,0,0,495,649,1144,9,10,171,1,false
seeded_loss_delay,15,polling_60,1800,30,0,30,0,0,0,130,90,220,10,10,42,0,true
seeded_loss_delay,15,polling_300,1800,6,0,6,0,0,0,700,0,700,5,10,142,5,true
seeded_loss_delay,15,proposed,1800,11,5,6,12,0,1,495,205,700,10,10,171,0,true
seeded_loss_delay,16,push_only,1800,0,0,0,10,0,0,408,123,531,9,10,132,1,true
seeded_loss_delay,16,polling_60,1800,30,0,30,0,0,0,130,90,220,10,10,42,0,true
seeded_loss_delay,16,polling_300,1800,6,0,6,0,0,0,700,0,700,5,10,142,5,true
seeded_loss_delay,16,proposed,1800,11,5,6,10,0,1,408,70,478,9,10,132,1,true
seeded_loss_delay,17,push_only,1800,0,0,0,9,0,0,321,450,771,8,10,148,2,true
seeded_loss_delay,17,polling_60,1800,30,0,30,0,0,0,130,90,220,10,10,42,0,true
seeded_loss_delay,17,polling_300,1800,6,0,6,0,0,0,700,0,700,5,10,142,5,true
seeded_loss_delay,17,proposed,1800,12,6,6,9,1,1,461,186,647,9,10,148,1,true
seeded_loss_delay,18,push_only,1800,0,0,0,10,0,0,670,128,798,7,10,174,3,true
seeded_loss_delay,18,polling_60,1800,30,0,30,0,0,0,130,90,220,10,10,42,0,true
seeded_loss_delay,18,polling_300,1800,6,0,6,0,0,0,700,0,700,5,10,142,5,true
seeded_loss_delay,18,proposed,1800,7,1,6,10,0,1,670,69,739,7,10,165,3,true
seeded_loss_delay,19,push_only,1800,0,0,0,8,0,0,409,525,934,7,10,119,3,false
seeded_loss_delay,19,polling_60,1800,30,0,30,0,0,0,130,90,220,10,10,42,0,true
seeded_loss_delay,19,polling_300,1800,6,0,6,0,0,0,700,0,700,5,10,142,5,true
seeded_loss_delay,19,proposed,1800,12,6,6,8,0,1,409,105,514,8,10,119,2,true
seeded_loss_delay,20,push_only,1800,0,0,0,9,0,0,363,493,856,9,10,174,1,true
seeded_loss_delay,20,polling_60,1800,30,0,30,0,0,0,130,90,220,10,10,42,0,true
seeded_loss_delay,20,polling_300,1800,6,0,6,0,0,0,700,0,700,5,10,142,5,true
seeded_loss_delay,20,proposed,1800,12,6,6,9,0,1,385,166,551,9,10,174,1,true
seeded_loss_delay,21,push_only,1800,0,0,0,14,0,0,461,278,739,9,10,167,1,true
seeded_loss_delay,21,polling_60,1800,30,0,30,0,0,0,130,90,220,10,10,42,0,true
seeded_loss_delay,21,polling_300,1800,6,0,6,0,0,0,700,0,700,5,10,142,5,true
seeded_loss_delay,21,proposed,1800,11,5,6,14,0,1,461,111,572,9,10,159,1,true
seeded_loss_delay,22,push_only,1800,0,0,0,11,0,0,497,183,680,9,10,178,1,true
seeded_loss_delay,22,polling_60,1800,30,0,30,0,0,0,130,90,220,10,10,42,0,true
seeded_loss_delay,22,polling_300,1800,6,0,6,0,0,0,700,0,700,5,10,142,5,true
seeded_loss_delay,22,proposed,1800,10,4,6,11,0,1,498,94,592,9,10,178,1,true
seeded_loss_delay,23,push_only,1800,0,0,0,9,0,0,413,326,739,9,10,147,1,true
seeded_loss_delay,23,polling_60,1800,30,0,30,0,0,0,130,90,220,10,10,42,0,true
seeded_loss_delay,23,polling_300,1800,6,0,6,0,0,0,700,0,700,5,10,142,5,true
seeded_loss_delay,23,proposed,1800,12,6,6,9,0,1,420,161,581,9,10,129,1,true
seeded_loss_delay,24,push_only,1800,0,0,0,9,0,0,475,746,1221,7,10,167,3,false
seeded_loss_delay,24,polling_60,1800,30,0,30,0,0,0,130,90,220,10,10,42,0,true
seeded_loss_delay,24,polling_300,1800,6,0,6,0,0,0,700,0,700,5,10,142,5,true
seeded_loss_delay,24,proposed,1800,10,4,6,9,0,1,615,163,778,9,10,167,1,true
seeded_loss_delay,25,push_only,1800,0,0,0,7,0,0,575,157,732,6,10,147,4,true
seeded_loss_delay,25,polling_60,1800,30,0,30,0,0,0,130,90,220,10,10,42,0,true
seeded_loss_delay,25,polling_300,1800,6,0,6,0,0,0,700,0,700,5,10,142,5,true
seeded_loss_delay,25,proposed,1800,8,2,6,7,0,1,575,71,646,8,10,147,2,true
seeded_loss_delay,26,push_only,1800,0,0,0,7,0,0,478,394,872,5,10,129,5,true
seeded_loss_delay,26,polling_60,1800,30,0,30,0,0,0,130,90,220,10,10,42,0,true
seeded_loss_delay,26,polling_300,1800,6,0,6,0,0,0,700,0,700,5,10,142,5,true
seeded_loss_delay,26,proposed,1800,8,2,6,7,0,1,618,42,660,7,10,122,3,true
seeded_loss_delay,27,push_only,1800,0,0,0,10,0,0,339,439,778,7,10,131,3,true
seeded_loss_delay,27,polling_60,1800,30,0,30,0,0,0,130,90,220,10,10,42,0,true
seeded_loss_delay,27,polling_300,1800,6,0,6,0,0,0,700,0,700,5,10,142,5,true
seeded_loss_delay,27,proposed,1800,11,5,6,10,0,1,551,161,712,9,10,131,1,true
seeded_loss_delay,28,push_only,1800,0,0,0,8,0,0,354,752,1106,8,10,180,2,false
seeded_loss_delay,28,polling_60,1800,30,0,30,0,0,0,130,90,220,10,10,42,0,true
seeded_loss_delay,28,polling_300,1800,6,0,6,0,0,0,700,0,700,5,10,142,5,true
seeded_loss_delay,28,proposed,1800,11,5,6,8,0,1,491,102,593,10,10,148,0,true
seeded_loss_delay,29,push_only,1800,0,0,0,9,0,0,238,694,932,8,10,172,2,true
seeded_loss_delay,29,polling_60,1800,30,0,30,0,0,0,130,90,220,10,10,42,0,true
seeded_loss_delay,29,polling_300,1800,6,0,6,0,0,0,700,0,700,5,10,142,5,true
seeded_loss_delay,29,proposed,1800,12,6,6,9,0,1,421,131,552,9,10,164,1,true
seeded_loss_delay,30,push_only,1800,0,0,0,11,0,0,382,385,767,10,10,180,0,true
seeded_loss_delay,30,polling_60,1800,30,0,30,0,0,0,130,90,220,10,10,42,0,true
seeded_loss_delay,30,polling_300,1800,6,0,6,0,0,0,700,0,700,5,10,142,5,true
seeded_loss_delay,30,proposed,1800,12,6,6,11,0,1,382,76,458,10,10,180,0,true
seeded_loss_delay,31,push_only,1800,0,0,0,12,0,0,245,330,575,10,10,174,0,true
seeded_loss_delay,31,polling_60,1800,30,0,30,0,0,0,130,90,220,10,10,42,0,true
seeded_loss_delay,31,polling_300,1800,6,0,6,0,0,0,700,0,700,5,10,142,5,true
seeded_loss_delay,31,proposed,1800,16,10,6,12,0,1,261,189,450,10,10,174,0,true
seeded_loss_delay,32,push_only,1800,0,0,0,9,0,0,299,818,1117,8,10,153,2,false
seeded_loss_delay,32,polling_60,1800,30,0,30,0,0,0,130,90,220,10,10,42,0,true
seeded_loss_delay,32,polling_300,1800,6,0,6,0,0,0,700,0,700,5,10,142,5,true
seeded_loss_delay,32,proposed,1800,15,9,6,9,0,1,312,170,482,9,10,73,1,true
seeded_loss_delay,33,push_only,1800,0,0,0,9,0,0,383,476,859,9,10,164,1,true
seeded_loss_delay,33,polling_60,1800,30,0,30,0,0,0,130,90,220,10,10,42,0,true
seeded_loss_delay,33,polling_300,1800,6,0,6,0,0,0,700,0,700,5,10,142,5,true
seeded_loss_delay,33,proposed,1800,12,6,6,9,0,1,523,215,738,10,10,164,0,true
seeded_loss_delay,34,push_only,1800,0,0,0,14,0,0,506,216,722,9,10,178,1,true
seeded_loss_delay,34,polling_60,1800,30,0,30,0,0,0,130,90,220,10,10,42,0,true
seeded_loss_delay,34,polling_300,1800,6,0,6,0,0,0,700,0,700,5,10,142,5,true
seeded_loss_delay,34,proposed,1800,9,3,6,14,0,1,531,105,636,9,10,144,1,true
seeded_loss_delay,35,push_only,1800,0,0,0,9,0,0,493,403,896,9,10,155,1,true
seeded_loss_delay,35,polling_60,1800,30,0,30,0,0,0,130,90,220,10,10,42,0,true
seeded_loss_delay,35,polling_300,1800,6,0,6,0,0,0,700,0,700,5,10,142,5,true
seeded_loss_delay,35,proposed,1800,10,4,6,9,0,1,508,111,619,9,10,142,1,true
seeded_loss_delay,36,push_only,1800,0,0,0,8,0,0,297,314,611,8,10,112,2,true
seeded_loss_delay,36,polling_60,1800,30,0,30,0,0,0,130,90,220,10,10,42,0,true
seeded_loss_delay,36,polling_300,1800,6,0,6,0,0,0,700,0,700,5,10,142,5,true
seeded_loss_delay,36,proposed,1800,11,5,6,8,0,1,409,71,480,9,10,112,1,true
seeded_loss_delay,37,push_only,1800,0,0,0,13,0,0,328,426,754,9,10,115,1,true
seeded_loss_delay,37,polling_60,1800,30,0,30,0,0,0,130,90,220,10,10,42,0,true
seeded_loss_delay,37,polling_300,1800,6,0,6,0,0,0,700,0,700,5,10,142,5,true
seeded_loss_delay,37,proposed,1800,12,6,6,13,0,1,425,97,522,10,10,115,0,true
seeded_loss_delay,38,push_only,1800,0,0,0,9,1,0,203,423,626,8,10,131,2,true
seeded_loss_delay,38,polling_60,1800,30,0,30,0,0,0,130,90,220,10,10,42,0,true
seeded_loss_delay,38,polling_300,1800,6,0,6,0,0,0,700,0,700,5,10,142,5,true
seeded_loss_delay,38,proposed,1800,15,9,6,9,1,1,295,200,495,10,10,131,0,true
seeded_loss_delay,39,push_only,1800,0,0,0,8,0,0,372,352,724,7,10,147,3,true
seeded_loss_delay,39,polling_60,1800,30,0,30,0,0,0,130,90,220,10,10,42,0,true
seeded_loss_delay,39,polling_300,1800,6,0,6,0,0,0,700,0,700,5,10,142,5,true
seeded_loss_delay,39,proposed,1800,9,3,6,8,0,1,512,110,622,8,10,147,2,true
seeded_loss_delay,40,push_only,1800,0,0,0,10,0,0,249,656,905,7,10,173,3,true
seeded_loss_delay,40,polling_60,1800,30,0,30,0,0,0,130,90,220,10,10,42,0,true
seeded_loss_delay,40,polling_300,1800,6,0,6,0,0,0,700,0,700,5,10,142,5,true
seeded_loss_delay,40,proposed,1800,12,6,6,10,0,1,493,203,696,10,10,173,0,true
seeded_loss_delay,41,push_only,1800,0,0,0,8,1,0,330,868,1198,6,10,180,4,false
seeded_loss_delay,41,polling_60,1800,30,0,30,0,0,0,130,90,220,10,10,42,0,true
seeded_loss_delay,41,polling_300,1800,6,0,6,0,0,0,700,0,700,5,10,142,5,true
seeded_loss_delay,41,proposed,1800,12,6,6,8,1,1,490,184,674,9,10,180,1,true
seeded_loss_delay,42,push_only,1800,0,0,0,11,0,0,164,557,721,8,10,161,2,true
seeded_loss_delay,42,polling_60,1800,30,0,30,0,0,0,130,90,220,10,10,42,0,true
seeded_loss_delay,42,polling_300,1800,6,0,6,0,0,0,700,0,700,5,10,142,5,true
seeded_loss_delay,42,proposed,1800,13,7,6,11,0,1,458,254,712,10,10,161,0,true
seeded_loss_delay,43,push_only,1800,0,0,0,8,0,0,320,241,561,8,10,147,2,true
seeded_loss_delay,43,polling_60,1800,30,0,30,0,0,0,130,90,220,10,10,42,0,true
seeded_loss_delay,43,polling_300,1800,6,0,6,0,0,0,700,0,700,5,10,142,5,true
seeded_loss_delay,43,proposed,1800,10,4,6,8,0,1,460,147,607,9,10,147,1,true
seeded_loss_delay,44,push_only,1800,0,0,0,8,0,0,308,516,824,7,10,172,3,true
seeded_loss_delay,44,polling_60,1800,30,0,30,0,0,0,130,90,220,10,10,42,0,true
seeded_loss_delay,44,polling_300,1800,6,0,6,0,0,0,700,0,700,5,10,142,5,true
seeded_loss_delay,44,proposed,1800,10,4,6,8,0,1,587,185,772,9,10,172,1,true
seeded_loss_delay,45,push_only,1800,0,0,0,8,0,0,331,840,1171,8,10,157,2,false
seeded_loss_delay,45,polling_60,1800,30,0,30,0,0,0,130,90,220,10,10,42,0,true
seeded_loss_delay,45,polling_300,1800,6,0,6,0,0,0,700,0,700,5,10,142,5,true
seeded_loss_delay,45,proposed,1800,13,7,6,8,0,1,461,195,656,10,10,157,0,true
seeded_loss_delay,46,push_only,1800,0,0,0,10,0,0,589,272,861,8,10,136,2,true
seeded_loss_delay,46,polling_60,1800,30,0,30,0,0,0,130,90,220,10,10,42,0,true
seeded_loss_delay,46,polling_300,1800,6,0,6,0,0,0,700,0,700,5,10,142,5,true
seeded_loss_delay,46,proposed,1800,9,3,6,10,0,1,589,75,664,8,10,121,2,true
seeded_loss_delay,47,push_only,1800,0,0,0,15,1,0,371,523,894,9,10,164,1,true
seeded_loss_delay,47,polling_60,1800,30,0,30,0,0,0,130,90,220,10,10,42,0,true
seeded_loss_delay,47,polling_300,1800,6,0,6,0,0,0,700,0,700,5,10,142,5,true
seeded_loss_delay,47,proposed,1800,13,7,6,15,1,1,401,171,572,10,10,126,0,true
seeded_loss_delay,48,push_only,1800,0,0,0,10,0,0,482,241,723,9,10,114,1,true
seeded_loss_delay,48,polling_60,1800,30,0,30,0,0,0,130,90,220,10,10,42,0,true
seeded_loss_delay,48,polling_300,1800,6,0,6,0,0,0,700,0,700,5,10,142,5,true
seeded_loss_delay,48,proposed,1800,10,4,6,10,0,1,482,77,559,9,10,114,1,true
seeded_loss_delay,49,push_only,1800,0,0,0,9,0,0,602,468,1070,7,10,165,3,false
seeded_loss_delay,49,polling_60,1800,30,0,30,0,0,0,130,90,220,10,10,42,0,true
seeded_loss_delay,49,polling_300,1800,6,0,6,0,0,0,700,0,700,5,10,142,5,true
seeded_loss_delay,49,proposed,1800,8,2,6,9,0,1,602,93,695,9,10,165,1,true
seeded_loss_delay,50,push_only,1800,0,0,0,14,0,0,487,547,1034,10,10,178,0,true
seeded_loss_delay,50,polling_60,1800,30,0,30,0,0,0,130,90,220,10,10,42,0,true
seeded_loss_delay,50,polling_300,1800,6,0,6,0,0,0,700,0,700,5,10,142,5,true
seeded_loss_delay,50,proposed,1800,11,5,6,14,0,1,512,177,689,10,10,178,0,true
seeded_loss_delay,51,push_only,1800,0,0,0,11,0,0,535,500,1035,10,10,169,0,true
seeded_loss_delay,51,polling_60,1800,30,0,30,0,0,0,130,90,220,10,10,42,0,true
seeded_loss_delay,51,polling_300,1800,6,0,6,0,0,0,700,0,700,5,10,142,5,true
seeded_loss_delay,51,proposed,1800,12,6,6,11,0,1,564,275,839,10,10,163,0,true
seeded_loss_delay,52,push_only,1800,0,0,0,10,1,0,537,238,775,8,10,137,2,true
seeded_loss_delay,52,polling_60,1800,30,0,30,0,0,0,130,90,220,10,10,42,0,true
seeded_loss_delay,52,polling_300,1800,6,0,6,0,0,0,700,0,700,5,10,142,5,true
seeded_loss_delay,52,proposed,1800,10,4,6,10,1,1,537,134,671,8,10,137,2,true
seeded_loss_delay,53,push_only,1800,0,0,0,15,0,0,419,476,895,9,10,167,1,true
seeded_loss_delay,53,polling_60,1800,30,0,30,0,0,0,130,90,220,10,10,42,0,true
seeded_loss_delay,53,polling_300,1800,6,0,6,0,0,0,700,0,700,5,10,142,5,true
seeded_loss_delay,53,proposed,1800,12,6,6,15,0,1,455,189,644,9,10,123,1,true
seeded_loss_delay,54,push_only,1800,0,0,0,11,0,0,186,809,995,9,10,177,1,false
seeded_loss_delay,54,polling_60,1800,30,0,30,0,0,0,130,90,220,10,10,42,0,true
seeded_loss_delay,54,polling_300,1800,6,0,6,0,0,0,700,0,700,5,10,142,5,true
seeded_loss_delay,54,proposed,1800,15,9,6,11,0,1,223,81,304,10,10,96,0,true
seeded_loss_delay,55,push_only,1800,0,0,0,10,0,0,334,376,710,8,10,180,2,true
seeded_loss_delay,55,polling_60,1800,30,0,30,0,0,0,130,90,220,10,10,42,0,true
seeded_loss_delay,55,polling_300,1800,6,0,6,0,0,0,700,0,700,5,10,142,5,true
seeded_loss_delay,55,proposed,1800,11,5,6,10,0,1,410,107,517,9,10,102,1,true
seeded_loss_delay,56,push_only,1800,0,0,0,11,0,0,381,331,712,8,10,171,2,true
seeded_loss_delay,56,polling_60,1800,30,0,30,0,0,0,130,90,220,10,10,42,0,true
seeded_loss_delay,56,polling_300,1800,6,0,6,0,0,0,700,0,700,5,10,142,5,true
seeded_loss_delay,56,proposed,1800,13,7,6,11,0,1,381,121,502,9,10,171,1,true
seeded_loss_delay,57,push_only,1800,0,0,0,11,0,0,327,532,859,9,10,155,1,true
seeded_loss_delay,57,polling_60,1800,30,0,30,0,0,0,130,90,220,10,10,42,0,true
seeded_loss_delay,57,polling_300,1800,6,0,6,0,0,0,700,0,700,5,10,142,5,true
seeded_loss_delay,57,proposed,1800,13,7,6,11,0,1,362,96,458,10,10,155,0,true
seeded_loss_delay,58,push_only,1800,0,0,0,10,0,0,270,716,986,8,10,161,2,false
seeded_loss_delay,58,polling_60,1800,30,0,30,0,0,0,130,90,220,10,10,42,0,true
seeded_loss_delay,58,polling_300,1800,6,0,6,0,0,0,700,0,700,5,10,142,5,true
seeded_loss_delay,58,proposed,1800,13,7,6,10,0,1,410,215,625,10,10,161,0,true
seeded_loss_delay,59,push_only,1800,0,0,0,9,0,0,277,553,830,8,10,170,2,true
seeded_loss_delay,59,polling_60,1800,30,0,30,0,0,0,130,90,220,10,10,42,0,true
seeded_loss_delay,59,polling_300,1800,6,0,6,0,0,0,700,0,700,5,10,142,5,true
seeded_loss_delay,59,proposed,1800,13,7,6,9,1,1,447,180,627,9,10,125,1,true
seeded_loss_delay,60,push_only,1800,0,0,0,10,0,0,498,444,942,8,10,179,2,true
seeded_loss_delay,60,polling_60,1800,30,0,30,0,0,0,130,90,220,10,10,42,0,true
seeded_loss_delay,60,polling_300,1800,6,0,6,0,0,0,700,0,700,5,10,142,5,true
seeded_loss_delay,60,proposed,1800,10,4,6,10,0,1,660,208,868,9,10,179,1,true
seeded_loss_delay,61,push_only,1800,0,0,0,8,1,0,508,202,710,7,10,154,3,true
seeded_loss_delay,61,polling_60,1800,30,0,30,0,0,0,130,90,220,10,10,42,0,true
seeded_loss_delay,61,polling_300,1800,6,0,6,0,0,0,700,0,700,5,10,142,5,true
seeded_loss_delay,61,proposed,1800,7,1,6,8,1,1,648,69,717,8,10,147,2,true
seeded_loss_delay,62,push_only,1800,0,0,0,7,0,0,620,684,1304,6,10,172,4,false
seeded_loss_delay,62,polling_60,1800,30,0,30,0,0,0,130,90,220,10,10,42,0,true
seeded_loss_delay,62,polling_300,1800,6,0,6,0,0,0,700,0,700,5,10,142,5,true
seeded_loss_delay,62,proposed,1800,8,2,6,7,0,1,652,115,767,8,10,163,2,true
seeded_loss_delay,63,push_only,1800,0,0,0,9,0,0,503,183,686,8,10,179,2,true
seeded_loss_delay,63,polling_60,1800,30,0,30,0,0,0,130,90,220,10,10,42,0,true
seeded_loss_delay,63,polling_300,1800,6,0,6,0,0,0,700,0,700,5,10,142,5,true
seeded_loss_delay,63,proposed,1800,10,4,6,9,0,1,503,74,577,8,10,179,2,true
seeded_loss_delay,64,push_only,1800,0,0,0,9,0,0,315,386,701,8,10,151,2,true
seeded_loss_delay,64,polling_60,1800,30,0,30,0,0,0,130,90,220,10,10,42,0,true
seeded_loss_delay,64,polling_300,1800,6,0,6,0,0,0,700,0,700,5,10,142,5,true
seeded_loss_delay,64,proposed,1800,13,7,6,9,1,1,376,170,546,9,10,98,1,true
seeded_loss_delay,65,push_only,1800,0,0,0,7,1,0,224,350,574,6,10,120,4,true
seeded_loss_delay,65,polling_60,1800,30,0,30,0,0,0,130,90,220,10,10,42,0,true
seeded_loss_delay,65,polling_300,1800,6,0,6,0,0,0,700,0,700,5,10,142,5,true
seeded_loss_delay,65,proposed,1800,12,6,6,7,1,1,399,71,470,8,10,102,2,true
seeded_loss_delay,66,push_only,1800,0,0,0,9,0,0,405,437,842,7,10,163,3,true
seeded_loss_delay,66,polling_60,1800,30,0,30,0,0,0,130,90,220,10,10,42,0,true
seeded_loss_delay,66,polling_300,1800,6,0,6,0,0,0,700,0,700,5,10,142,5,true
seeded_loss_delay,66,proposed,1800,12,6,6,9,0,1,425,97,522,8,10,115,2,true
seeded_loss_delay,67,push_only,1800,0,0,0,9,1,0,356,655,1011,6,10,157,4,false
seeded_loss_delay,67,polling_60,1800,30,0,30,0,0,0,130,90,220,10,10,42,0,true
seeded_loss_delay,67,polling_300,1800,6,0,6,0,0,0,700,0,700,5,10,142,5,true
seeded_loss_delay,67,proposed,1800,14,8,6,9,2,1,361,203,564,9,10,157,1,true
seeded_loss_delay,68,push_only,1800,0,0,0,11,0,0,381,462,843,8,10,176,2,true
seeded_loss_delay,68,polling_60,1800,30,0,30,0,0,0,130,90,220,10,10,42,0,true
seeded_loss_delay,68,polling_300,1800,6,0,6,0,0,0,700,0,700,5,10,142,5,true
seeded_loss_delay,68,proposed,1800,10,4,6,11,0,1,557,158,715,9,10,171,1,true
seeded_loss_delay,69,push_only,1800,0,0,0,9,0,0,657,174,831,7,10,150,3,true
seeded_loss_delay,69,polling_60,1800,30,0,30,0,0,0,130,90,220,10,10,42,0,true
seeded_loss_delay,69,polling_300,1800,6,0,6,0,0,0,700,0,700,5,10,142,5,true
seeded_loss_delay,69,proposed,1800,8,2,6,9,0,1,657,81,738,7,10,150,3,true
seeded_loss_delay,70,push_only,1800,0,0,0,10,0,0,381,331,712,9,10,139,1,true
seeded_loss_delay,70,polling_60,1800,30,0,30,0,0,0,130,90,220,10,10,42,0,true
seeded_loss_delay,70,polling_300,1800,6,0,6,0,0,0,700,0,700,5,10,142,5,true
seeded_loss_delay,70,proposed,1800,11,5,6,10,0,1,511,154,665,10,10,139,0,true
seeded_loss_delay,71,push_only,1800,0,0,0,9,0,0,525,815,1340,9,10,178,1,false
seeded_loss_delay,71,polling_60,1800,30,0,30,0,0,0,130,90,220,10,10,42,0,true
seeded_loss_delay,71,polling_300,1800,6,0,6,0,0,0,700,0,700,5,10,142,5,true
seeded_loss_delay,71,proposed,1800,10,4,6,9,0,1,563,130,693,10,10,130,0,true
seeded_loss_delay,72,push_only,1800,0,0,0,12,0,0,324,563,887,8,10,146,2,true
seeded_loss_delay,72,polling_60,1800,30,0,30,0,0,0,130,90,220,10,10,42,0,true
seeded_loss_delay,72,polling_300,1800,6,0,6,0,0,0,700,0,700,5,10,142,5,true
seeded_loss_delay,72,proposed,1800,13,7,6,12,0,1,427,217,644,10,10,146,0,true
seeded_loss_delay,73,push_only,1800,0,0,0,10,1,0,489,384,873,8,10,166,2,true
seeded_loss_delay,73,polling_60,1800,30,0,30,0,0,0,130,90,220,10,10,42,0,true
seeded_loss_delay,73,polling_300,1800,6,0,6,0,0,0,700,0,700,5,10,142,5,true
seeded_loss_delay,73,proposed,1800,10,4,6,10,1,1,535,83,618,8,10,94,2,true
seeded_loss_delay,74,push_only,1800,0,0,0,9,0,0,277,505,782,8,10,179,2,true
seeded_loss_delay,74,polling_60,1800,30,0,30,0,0,0,130,90,220,10,10,42,0,true
seeded_loss_delay,74,polling_300,1800,6,0,6,0,0,0,700,0,700,5,10,142,5,true
seeded_loss_delay,74,proposed,1800,12,6,6,9,0,1,465,196,661,10,10,179,0,true
seeded_loss_delay,75,push_only,1800,0,0,0,12,0,0,220,803,1023,9,10,149,1,false
seeded_loss_delay,75,polling_60,1800,30,0,30,0,0,0,130,90,220,10,10,42,0,true
seeded_loss_delay,75,polling_300,1800,6,0,6,0,0,0,700,0,700,5,10,142,5,true
seeded_loss_delay,75,proposed,1800,17,11,6,12,0,1,229,211,440,10,10,73,0,true
seeded_loss_delay,76,push_only,1800,0,0,0,9,1,0,492,70,562,7,10,63,3,true
seeded_loss_delay,76,polling_60,1800,30,0,30,0,0,0,130,90,220,10,10,42,0,true
seeded_loss_delay,76,polling_300,1800,6,0,6,0,0,0,700,0,700,5,10,142,5,true
seeded_loss_delay,76,proposed,1800,9,3,6,9,1,1,492,32,524,7,10,61,3,true
seeded_loss_delay,77,push_only,1800,0,0,0,9,1,0,362,358,720,7,10,147,3,true
seeded_loss_delay,77,polling_60,1800,30,0,30,0,0,0,130,90,220,10,10,42,0,true
seeded_loss_delay,77,polling_300,1800,6,0,6,0,0,0,700,0,700,5,10,142,5,true
seeded_loss_delay,77,proposed,1800,12,6,6,9,1,1,394,66,460,8,10,142,2,true
seeded_loss_delay,78,push_only,1800,0,0,0,9,0,0,362,441,803,8,10,147,2,true
seeded_loss_delay,78,polling_60,1800,30,0,30,0,0,0,130,90,220,10,10,42,0,true
seeded_loss_delay,78,polling_300,1800,6,0,6,0,0,0,700,0,700,5,10,142,5,true
seeded_loss_delay,78,proposed,1800,13,7,6,9,0,1,385,119,504,9,10,147,1,true
seeded_loss_delay,79,push_only,1800,0,0,0,10,0,0,204,505,709,8,10,146,2,true
seeded_loss_delay,79,polling_60,1800,30,0,30,0,0,0,130,90,220,10,10,42,0,true
seeded_loss_delay,79,polling_300,1800,6,0,6,0,0,0,700,0,700,5,10,142,5,true
seeded_loss_delay,79,proposed,1800,16,10,6,10,0,1,256,176,432,10,10,127,0,true
seeded_loss_delay,80,push_only,1800,0,0,0,9,0,0,420,427,847,9,10,173,1,true
seeded_loss_delay,80,polling_60,1800,30,0,30,0,0,0,130,90,220,10,10,42,0,true
seeded_loss_delay,80,polling_300,1800,6,0,6,0,0,0,700,0,700,5,10,142,5,true
seeded_loss_delay,80,proposed,1800,11,5,6,9,0,1,459,161,620,10,10,168,0,true
seeded_loss_delay,81,push_only,1800,0,0,0,11,1,0,479,303,782,8,10,153,2,true
seeded_loss_delay,81,polling_60,1800,30,0,30,0,0,0,130,90,220,10,10,42,0,true
seeded_loss_delay,81,polling_300,1800,6,0,6,0,0,0,700,0,700,5,10,142,5,true
seeded_loss_delay,81,proposed,1800,11,5,6,11,1,1,489,115,604,9,10,153,1,true
seeded_loss_delay,82,push_only,1800,0,0,0,13,0,0,561,247,808,10,10,169,0,true
seeded_loss_delay,82,polling_60,1800,30,0,30,0,0,0,130,90,220,10,10,42,0,true
seeded_loss_delay,82,polling_300,1800,6,0,6,0,0,0,700,0,700,5,10,142,5,true
seeded_loss_delay,82,proposed,1800,9,3,6,13,0,1,561,87,648,10,10,169,0,true
seeded_loss_delay,83,push_only,1800,0,0,0,9,0,0,700,269,969,8,10,169,2,true
seeded_loss_delay,83,polling_60,1800,30,0,30,0,0,0,130,90,220,10,10,42,0,true
seeded_loss_delay,83,polling_300,1800,6,0,6,0,0,0,700,0,700,5,10,142,5,true
seeded_loss_delay,83,proposed,1800,7,1,6,9,0,1,700,174,874,8,10,169,2,true
seeded_loss_delay,84,push_only,1800,0,0,0,10,0,0,457,844,1301,9,10,164,1,false
seeded_loss_delay,84,polling_60,1800,30,0,30,0,0,0,130,90,220,10,10,42,0,true
seeded_loss_delay,84,polling_300,1800,6,0,6,0,0,0,700,0,700,5,10,142,5,true
seeded_loss_delay,84,proposed,1800,12,6,6,10,0,1,481,193,674,10,10,162,0,true
seeded_loss_delay,85,push_only,1800,0,0,0,11,2,0,513,315,828,8,10,148,2,true
seeded_loss_delay,85,polling_60,1800,30,0,30,0,0,0,130,90,220,10,10,42,0,true
seeded_loss_delay,85,polling_300,1800,6,0,6,0,0,0,700,0,700,5,10,142,5,true
seeded_loss_delay,85,proposed,1800,11,5,6,11,2,1,517,172,689,9,10,148,1,true
seeded_loss_delay,86,push_only,1800,0,0,0,8,0,0,480,407,887,8,10,159,2,true
seeded_loss_delay,86,polling_60,1800,30,0,30,0,0,0,130,90,220,10,10,42,0,true
seeded_loss_delay,86,polling_300,1800,6,0,6,0,0,0,700,0,700,5,10,142,5,true
seeded_loss_delay,86,proposed,1800,12,6,6,8,0,1,507,179,686,8,10,134,2,true
seeded_loss_delay,87,push_only,1800,0,0,0,10,0,0,346,547,893,9,10,164,1,true
seeded_loss_delay,87,polling_60,1800,30,0,30,0,0,0,130,90,220,10,10,42,0,true
seeded_loss_delay,87,polling_300,1800,6,0,6,0,0,0,700,0,700,5,10,142,5,true
seeded_loss_delay,87,proposed,1800,13,7,6,10,0,1,486,220,706,10,10,144,0,true
seeded_loss_delay,88,push_only,1800,0,0,0,11,0,0,335,751,1086,8,10,131,2,false
seeded_loss_delay,88,polling_60,1800,30,0,30,0,0,0,130,90,220,10,10,42,0,true
seeded_loss_delay,88,polling_300,1800,6,0,6,0,0,0,700,0,700,5,10,142,5,true
seeded_loss_delay,88,proposed,1800,12,6,6,11,0,1,362,128,490,10,10,123,0,true
seeded_loss_delay,89,push_only,1800,0,0,0,13,0,0,413,326,739,10,10,126,0,true
seeded_loss_delay,89,polling_60,1800,30,0,30,0,0,0,130,90,220,10,10,42,0,true
seeded_loss_delay,89,polling_300,1800,6,0,6,0,0,0,700,0,700,5,10,142,5,true
seeded_loss_delay,89,proposed,1800,12,6,6,13,0,1,413,132,545,10,10,108,0,true
seeded_loss_delay,90,push_only,1800,0,0,0,8,0,0,401,357,758,8,10,114,2,true
seeded_loss_delay,90,polling_60,1800,30,0,30,0,0,0,130,90,220,10,10,42,0,true
seeded_loss_delay,90,polling_300,1800,6,0,6,0,0,0,700,0,700,5,10,142,5,true
seeded_loss_delay,90,proposed,1800,12,6,6,8,0,1,407,79,486,9,10,99,1,true
seeded_loss_delay,91,push_only,1800,0,0,0,11,0,0,334,371,705,9,10,117,1,true
seeded_loss_delay,91,polling_60,1800,30,0,30,0,0,0,130,90,220,10,10,42,0,true
seeded_loss_delay,91,polling_300,1800,6,0,6,0,0,0,700,0,700,5,10,142,5,true
seeded_loss_delay,91,proposed,1800,13,7,6,11,0,1,336,100,436,10,10,96,0,true
seeded_loss_delay,92,push_only,1800,0,0,0,11,0,0,373,805,1178,8,10,167,2,false
seeded_loss_delay,92,polling_60,1800,30,0,30,0,0,0,130,90,220,10,10,42,0,true
seeded_loss_delay,92,polling_300,1800,6,0,6,0,0,0,700,0,700,5,10,142,5,true
seeded_loss_delay,92,proposed,1800,10,4,6,11,0,1,517,168,685,10,10,167,0,true
seeded_loss_delay,93,push_only,1800,0,0,0,8,0,0,335,559,894,8,10,179,2,true
seeded_loss_delay,93,polling_60,1800,30,0,30,0,0,0,130,90,220,10,10,42,0,true
seeded_loss_delay,93,polling_300,1800,6,0,6,0,0,0,700,0,700,5,10,142,5,true
seeded_loss_delay,93,proposed,1800,12,6,6,8,0,1,546,218,764,9,10,152,1,true
seeded_loss_delay,94,push_only,1800,0,0,0,11,0,0,346,308,654,8,10,145,2,true
seeded_loss_delay,94,polling_60,1800,30,0,30,0,0,0,130,90,220,10,10,42,0,true
seeded_loss_delay,94,polling_300,1800,6,0,6,0,0,0,700,0,700,5,10,142,5,true
seeded_loss_delay,94,proposed,1800,11,5,6,11,0,1,483,182,665,9,10,145,1,true
seeded_loss_delay,95,push_only,1800,0,0,0,7,0,0,280,496,776,6,10,162,4,true
seeded_loss_delay,95,polling_60,1800,30,0,30,0,0,0,130,90,220,10,10,42,0,true
seeded_loss_delay,95,polling_300,1800,6,0,6,0,0,0,700,0,700,5,10,142,5,true
seeded_loss_delay,95,proposed,1800,10,4,6,7,0,1,598,186,784,9,10,162,1,true
seeded_loss_delay,96,push_only,1800,0,0,0,9,0,0,510,278,788,8,10,178,2,true
seeded_loss_delay,96,polling_60,1800,30,0,30,0,0,0,130,90,220,10,10,42,0,true
seeded_loss_delay,96,polling_300,1800,6,0,6,0,0,0,700,0,700,5,10,142,5,true
seeded_loss_delay,96,proposed,1800,9,3,6,9,0,1,557,120,677,9,10,178,1,true
seeded_loss_delay,97,push_only,1800,0,0,0,9,0,0,313,688,1001,6,10,120,4,false
seeded_loss_delay,97,polling_60,1800,30,0,30,0,0,0,130,90,220,10,10,42,0,true
seeded_loss_delay,97,polling_300,1800,6,0,6,0,0,0,700,0,700,5,10,142,5,true
seeded_loss_delay,97,proposed,1800,13,7,6,9,0,1,335,77,412,9,10,120,1,true
seeded_loss_delay,98,push_only,1800,0,0,0,9,0,0,240,477,717,9,10,148,1,true
seeded_loss_delay,98,polling_60,1800,30,0,30,0,0,0,130,90,220,10,10,42,0,true
seeded_loss_delay,98,polling_300,1800,6,0,6,0,0,0,700,0,700,5,10,142,5,true
seeded_loss_delay,98,proposed,1800,12,6,6,9,0,1,339,116,455,10,10,102,0,true
seeded_loss_delay,99,push_only,1800,0,0,0,9,0,0,271,456,727,9,10,157,1,true
seeded_loss_delay,99,polling_60,1800,30,0,30,0,0,0,130,90,220,10,10,42,0,true
seeded_loss_delay,99,polling_300,1800,6,0,6,0,0,0,700,0,700,5,10,142,5,true
seeded_loss_delay,99,proposed,1800,15,9,6,9,0,1,288,146,434,9,10,82,1,true
seeded_loss_delay,100,push_only,1800,0,0,0,9,0,0,203,333,536,9,10,81,1,true
seeded_loss_delay,100,polling_60,1800,30,0,30,0,0,0,130,90,220,10,10,42,0,true
seeded_loss_delay,100,polling_300,1800,6,0,6,0,0,0,700,0,700,5,10,142,5,true
seeded_loss_delay,100,proposed,1800,15,9,6,9,0,1,262,141,403,10,10,81,0,true
